", put toaster oven heat little cheese n't even melt !"
usually order cheeseburger quarter pounder meal .
cheeseburger - two thumb .
"okay , interesting conversation bradley cooper lady gaga tonya harding possibly another homeless man , try friend 's bacon cheese fry ."
cheese sauce kind tasted surprisingly good bacon taste like bacon bit get jar .
"get mickey 's version liberace , play heart 's content 're royale cheese ( liberace never find wife support never know ."
"give order three time , normally would n't big deal , order wrong even go three times.my husband order two hash brown , egg cheese biscuit , egg , cheese sausage biscuit , iced mocha fun ."
"get egg cheese , one hash brown , biscuit sausage bacon ( egg , cheese ) cup milk ."
"dislike american cheese , substitute white cheddar egg mcmuffin ."
double beef cheese burger probably best thing planet
food ( mcdouble cheeseburger ) pretty standard mcdonald 's .
give less half slice cheese .
"order $ 2.50 double combo double cheeseburger small fry , double cheeseburger 2 slice cheese , one burger patty , actually melt ."
get cheeseburger fry bolt subway.probably would come stone cold sober .
quater pounder wit cheese extra onion extra pickle extra ketchup n large fry always hit da spaat boiii .
"5am , order bacon , egg , cheese mcgriddle , hash brown , steak , egg , cheese biscuit onion ."
take 20 min get order line spray clean product curse wonder food ... could see cheeseburger take nap front get cold .
nugget man 2 cheeseburger .
"example , pick bacon , egg , cheese biscuit , biscuit super dry ."
", next time go , order sausage , egg , & cheese mcmuffin b/c 'm think biscuit dry 'll try muffin instead ."
"well , accidentally give bacon , egg , cheese biscuit -- instead return counter , eat anyway ... , know , biscuit succulent flaky ! ! !"
take 10 minute cheeseburger .
order one thing- cheeseburger ketchup .
ask cheese item twice .
cheese items.aside recieved drink sour way pass due .
bright light golden arch shine like beacon night sky.i usual breakfast dinner routine order 2 sausage egg & cheese mcmuffins .
go back kid behind register tell us never melt cheese burger want could microwave us .
"one star open 24 hour another one clean close apartment ... review actually new angus burger , try bacon/cheese option could chew two bite ...."
"get bacon , egg cheese biscuit hot , steamy side batshit crazy ? ?"
"# 3 ( double quarter pounder cheese ) pickle , coke.is fuck hard ? write onion ."
go buy bacon egg & cheese biscuit meal go .
eat bacon egg & cheese alone .
wait 15min cheeseburger happy meal .
ask happen order `` cheeseburger happy meal burger .
"bun hard , cheese dry , fish filet gross ."
"stuff , cheese ."
"simple order : one double cheeseburger , one fish sandwich , one order medium fry , one large coke ."
"anyways , place always take long whether monster order previously mention cheeseburger ."
order 20 cheeseburger 3 meat cheese .
"( guy may want petition sam take away elite status last statement ) .anyway , stroll mcd 's power persuasive yelp review intent order yogurt parfait smell fry feel temptation order something else , please feast eye following calorie fat number cull mcd 's website : quarter pounder cheese : 510 calorie , 230 fatgrilled chicken club : 570 calorie , 190 fatlarge fry : 570 calorie , 270 fatsouthwest salad w/ chicken ( 's fucking 400 calorie salad ! !"
"get couple cheeseburger dollar menu , somehow felt like sit heating lamp day ."
"fish cheese , come cheese slide side bun ( luckily sauce side ) ."
"american cheese secret sauce provide tangy lubrication insufficient save sandwich.my nugs okay , though would 've prefer spicy version ; sure n't available online ."
