"let talk hashbrown throw bag wrapper , chicken nugget get piece hard white plastic ? ? ! !"
also give burn chicken nugget .
mcdonald 's us cruel practice chicken .
chicken keep battery cage even allow walk due amount growth hormone feed .
charge mcchicken $ 2.49 usually sell $ 1 mcdonald .
take 27 minute get bacon buffalo crispy chicken cold sandwich holder type salf fry .
"like crispy chicken finger , sometimes salad ."
first course consist bread fry chicken cutlet crisp batter .
"order mcchicken sandwich mayo , small fry , happy meal , meal ( ca n't remember ) husband ."
"sadly , mcchicken nowhere find 's leave order ticket smh ."
order mcchicken sandwich .
know fry wo n't grow mold ... mean wo n't digest stomach .... sort like twinkie .... know use part chicken include limited beak foot ... really want eat ?
"love six mc donald 's cheap juicy burger , fast order cheap shake , 'm feel like want something light ony stomach 's late , grilled chicken salad , side asald parfait great ."
southern chicken premium chicken weirdly sweet .
3 floor mcd 's location.it super pack go chicken bite ! busy busy mcdonalds .
"could kill chicken , pluck cook fast food get ."
something impeccable texture chicken nugget .
buy coke mcchicken good measure .
wait half hour order chicken nugget .
order kind chicken sandwich small fry .
mcdonald 's come signature sauce around 2003-2004 accompany buttermilk chicken tender .
disgust disturbing treatment chicken .
imnotlovinit.com website find show truth behind mcdonalds ' chicken .
"go midnight , food fresh throw chicken sandwich .. past week clean oil cook fry !"
order 2 chicken tender small order french fry .
"plain mc chicken patty really good branch , 's peppery could barely find lettuce .. disappointed .. hope see review improve .."
'm bit health nut try go mcdonald 's help however son love chicken nugget 's affordable 're rush n't option hurry ca n't say food delicious thing good delicious however healthy option chicken salad smoothy mango strawberry fruit smoothy well love deer ice hazelnut coffee 's affordable 's delicious starbucks dunkin donut well
food always cold everytime 've order chicken nugget check return today different .
"receive food , breakfast sausage burnt chicken tender miss ."
"chicken sandwich.it say right tag print , box.seriously , guy want raise ?"
"chicken nugget , catastrophe ."
"ask 1 large fry , 1 small fry , 1 large soda 1 mcchicken ."
"tell , miss mcchicken ."
"tell cashier order 1 large fry , 2 , also order mcchicken 's receipt ."
"thankfully homeless , come shame desperation , often accompany special vacancy otherwise reserve self-respect.a time year , something stir inside satiate greasy chicken mcnuggets over-salted order large fry , matter many lunch spot try visit first , deep , know 'm always go end mickey dee 's ."
order 2 chipotle bbq crispy chicken snack wrap .
chicken burnt bread come burn .
"( guy may want petition sam take away elite status last statement ) .anyway , stroll mcd 's power persuasive yelp review intent order yogurt parfait smell fry feel temptation order something else , please feast eye following calorie fat number cull mcd 's website : quarter pounder cheese : 510 calorie , 230 fatgrilled chicken club : 570 calorie , 190 fatlarge fry : 570 calorie , 270 fatsouthwest salad w/ chicken ( 's fucking 400 calorie salad ! !"
"chicken mcnuuuuugetts ( sing off-key , screechy voice , preferably drunk ) chicken mcnuuuuuugettsyou always theeeere me.wherever go , anyblock ciiiity , whenever 'm hungry , especially night , need look golden arches.there 's long wait line , pale fluorescent light , red yellow interior design , fake plant , course , dredge drunkardsof night , front behind counnnnnter.but however distasteful , however disgraceful , however ..... well , nastyyyyy , always return nuuuuugets.those tasty little golden thing , full chicken taste material , juicy , tender , hot , sweeeeet souuurrr sauce ! ten box , usually takesometimes even twenty.once fifty , plus two large fry drink ! chicago , though menu , register machine , speakeasy sorrrrrt thing.i could probably eat , 'm scarrred find much , 'm sure lot.please n't judge , 's thing , damn tasty , love nuuuuugettz ! chicken mcnuuuuuugettsyou always theeeere me.wherever go , anyblock ciiiity , whenever 'm hungry , especially night , need look golden arch ."
"'m say n't eat -- love chicken mcnuggets , soft serve cone , mcdonald 's heartattack breakfast , plus 32oz ice coffee would cost around $ 18 starbucks ."
"end get large fry , large coke 4 pc chicken nugget bbq sauce ."
today leave 10 piece chicken nugget .
