"two year apart neither time able eat meal n't get wrong , love love love pizza hut.the last time go particular pizza hut , order diet coke order bread stick ."
order bread stick personal pan pizza .
"dismay , bread stick cook enjoyable enough ."
"bread stick come order , remind home plate , sand except square ."
also serve pasta separate marianara bread stick .
really stupid know cook pizza serve customer.2 ) still owe supreme pizza 'm go get deliver home free extra bread stick trouble.this happen 6:45 june 5th 2017 .
"bread stick wing , inform wait 30mins-45mins receive food ."
order bread stick .
give plain bread stick barely cut .
food come fast bread stick cut way ... tell half assed order thing throw bag ass good place first last time order .... 5.2/10
"order garlic chicken wing , wife order small pizza bread stick ."
"recommend stay away safe really need pizza hut flavor , order bread stick personal size pizza ."
bread stick cold .
since someone ask sent out.tonight second time bread stick wrong .
"bull-ya veggie topping , imo ! yeah , 1/2 `` pretty `` tasty ! order 've include `` box `` ( dinner box big family dinner box ) : kid love bread stick cinnamon bread stick ."
"appreciate put frosting side cinnamon bread stick : 1 kid prefers without , love it.recap : get free large `` anything `` pizza reward point , know order lot ."
