"'s okay , red hot anger usually melt cheese top fine.my friend jokingly refer kfc 'the dungeon ' , main seating area locate underground ( window ) ."
use order domino order pizza hut 's worth 're pizza best cheese delicious recommend renember god love
"2 pizza order receive taste bad , crust soggy slightly over-cooked , 's little cheese , pork sausage pepperoni smell bad taste gamy , ingredient use old , meat use taint become rancid ."
conversation go like : `` extra blue cheese wing `` respond `` nah `` .
"pizza terrible , barely sauce , barely cheese ."
"cheese sause , lack substance ."
cheese super extra thin bread super thick .
stay away ! already many disappoint food keep ordered kid like cheese stick .
check food request money back 's last time order bum let go domino 's right next door come rescue 38 min man forget good phillie cheese steak taste .
"order medium dough , cheese , scanty topping ."
order cheese pizza wait hour pizza get cold !
tell thin crispy pizza dry easy like u serious 've order pizza thousand time 's reason cheese pizza cold 5mins away wait hour ! ! ! ! !
n't impress cheese sauce either .
cheese sauce next time please .
"cheese taste cheap , get pay ."
"however , pull apart slice pizza , find one , multiple strand hair thread middle pizza throughout cheese slice pizza ."
"someone comb hair hand stick hand cheese sprinkle pizza.this totally inexplicably unacceptable , downright disgust ."
pizza cheese quality ok .
"problem pay extra extra cheese , extra cheese , negligible best ."
crust cheese stiff fuck .
"unholy combination microwaved pasta , barely cheesy cheese stick cardboard taste pizza barely sauce cheese ."
"hand toss , cheese ."
know cheese n't reason pizza look like .
cancel rest order ( cheese stick drink ) pay pizza .
display burnt cheese pizza .
one young lady come back note pizza cold another man come back wrong order.when arrive home open pizza box realize order correct however pizza fact cold cheese pizza burn .
love pizza hut past always taste good come order take place empty order special come 2 free topping ask extra cheese tell would extra consider free topping wtf since extra cheese consider top girl explain company policy .
wing barely sauce pizza less cheese wing sauce .
two cheese pizza burnt cheese idea nice meal .
ordered delivery cheese stuff cheese pizza .. tell lady phone add marinara sauce side .. 40 min later arrive sauce like repeatedly tell include pizza taste like sh ! ! !
"opt thin/crispy crust , may misstep ; maybe order olives/tomatoes/mushrooms instead safer cheese.or , maybe , fault , place make terrible pizza ."
get cheesy crust pizza cheese crust .
"finally find pizza wife like.do know n't like ? thievery fraud perpetrate workers.every time , , every time use app order , pay price list 's always something missing.it 's like audit order every ... single ... time.especially order stuffed crust cheese stick ave pizza hut.that 's right , 'm call , criminal ! n't hve check order worker see order app give ! wtf , pizza hut ?"
put stretchy cheese top pizza .
also put melt cheese inside pizza crust .
"eat cheese , feel like 'm cheesy heaven ."
"cheese dry , bacon plasticky point ."
"husband place order one ( 1 ) large cheese pizza online 8:24 pm , 8:57 pm receive text say `` pizza delivery `` 10:26 pm pizza still deliver ."
", wait point two hour 1 cheese pizza never show week refund ."
"first , think cheese melted narrowly pull , shock see super long hair lady ."
'm hungry ca n't eat pizza friend order bc 'm allergic cheese .. finally say bring wing never come ! !
pizza send us incorrect tomatoe sauce expire cheese wouldnt even stick ( work restaurant industry high level able tell thing ) end result kid get sick almost end er food poisoning .
enter store 5 minute early food ready ! thank really cold large pie pizza.thank 3 slice miss lot toppings.thank lack cheese.thank burnt black chicken wings.thank add hot sauce ordered.i 'm mostly thankful cashier bag food watch bag it.please mess around conversation ( 3 employee include manager ) 's long line customer especially front register area .
pull think strand cheese proceed feel nauseous realize actually hair almost finish p'zone .
get order .. pizza hard like cardboard pasta smell like moldy cheese .. location need shut ...
nothing mushy dough cheese .
order large ultimate cheese pie & 16pc boneless garlic parmesan wing .
"stomach turn realize hand 's itch away hand make pizza , probably sprinkle toe fungus cheese ."
break order original crust plain cheese original crust meat lover .
cheese lightly golden toast .
"price pay , 've could go cheese factory pay price family 5 ."
"cheese stretch , barely sauce quality ingredient poor pizza make poorly ."
cheese fall right 's saucy .
"'s like order fry mcdonald 's , hand season fry cheese ."
"meat lover , veggie , pepperoni , cheese , 2 others n't remember ."
start eat cheese pizza saw cheese pizza marinara sauce .
taste like cheese bread .
first time get 1 order cheese stick 2 order pizza wrong topping .
half pizza practically cheese bit pep mushroom half pile pepperoni mushroom .
cheese hard fell crust .
"n't time argue , pay $ 3 ranch cup , blue cheese cup cup marinara breadstick wing ."
give us another free cheese pizza top !
"sadly , pizza nothing special ... enough marinara sauce peel back cheese ."
"order large pizza , wing , two pasta give napkin chili flake grate cheese ."
specifically ask throw 3 packet cheese .. .
"receive two pizza ( one miss vegetarian option ) , one incorrect crust , 4 cinnamon stick 2 cheese stick ( instead 3 ) ."
"also , ph start charge pepper flake grate cheese ."
"'ve takeout time location pizza good- perfect , black burn cheese , soggy , topping good ."
pizza mediocre lacking topping cheese mainly dough .
barely enough cheese pepperoni slice cover sauce .
order large cheese large pepperoni .
"say `` oh sorry , make another cheese 's go take 30 min `` end coming home pay pizza wo n't eat ."
"mess first pizza , cheese one side ( happen beyond ) ."
"wait replacement even bad , barely sauce less cheese first one ."
"hardly cheese , dough buttery fluffy like use , topping sparse ."
"last two time 've order location , 've order cheese stick pizza ."
"instead cheese stick , 've give breadsticks time ."
"however , second time , guy open box show order , pay , notice difference right away actually ask indeed cheese stick box cheese anywhere whole thing look extremely dry ."
"lie say 'they cheese stick , like ask ' ."
", decide try another pizza hut location day later location , cheese stick definitely cheese stick ."
cheese stick also look identical one pic pizza hut website .
cheese literally brown pizza warm .
") , c ) n't think wonder : celery bleu cheese ?"
one experience particular : busy pizza girl make cheese bread pizza pitch fit stress .
"throw box cheese bread pizza specify , rather guest 'd wait long , think 'd get her- 'd identify friend ."
open box trophy cheese bread realize something wrong- cheese !
"go order pizza , crazy bread cheese stick since suppose pre-made ready ."
"even though tender order correctly make pizza , make cheese bread twenty minute later ."
"order large thin crust half pepperoni , half cheese pizza ( deliver ) ."
"give pizza hut call replace blue cheese ranch ( price , easy change ) ."
average pizza much cheese oil .
cheese pizza ( staple ) .
"finally , serving surprisingly good pasta casserole spiral pasta , ground beef , tomato sauce , cheese.bluntly , nothing disgust available pretty good , felt like pizza hut really `` mail `` buffet ."
"time partial new york style pizza -- foldable , generous cheese top type ."
", remainder pizza freezer individual slice decide one , doctor lot mozzarella cheese perhaps stuff ."
"worker super friendly.- overwhelmingly greasy think go be.- pair well budweiser selectminus : - one , one , need pound meat cheese ."
"n't even blue cheese , sell ranch buck ."
