"1|1|The food great , I love salad . The service nice I always come . Because 's near house . Nice I want walk grab food . : )"
2|2|Horrible service dont come subway charge th app didnt give food
3|2|I insult reason All I want tuna sandwich I love subway 's always bad treatment I go except old guy mustache
4|2|Terrible customer service Indian woman work here- n't go subway .
"5|1|Every time I come I good experience , sure reviewer complain . I live within walk distance food always good , employee always friendly chatty ."
6|2|DO NOT COME HERE ! ! ! Horrible Service ... Owner n't care client 's rude bad spoken ! There 's much good Subways around area ...
"7|2|This Subway . It national chain specialize make depressing , overpriced substandard sandwich . One go Subway resort , make mistake coupon get make taste well . This location small , average best ."
8|1|I 'm surprise review . The employee kind people ever know exactly `` light lettuce `` meant . Would say 's good subway area ( four ) .
"9|2|Ok ... seriously n't even bother go Subway ! Nothing spell `` cheap `` like Subway . I order cold club , w/o ham sub roast beef . The sandwich maker put 2 slice , count , 1 & 2 SLICES roast beef -- -on footlong ! WTF w/that ? I 've frugal experience w/ subway location.And 've get catchy phrase `` $ 5 ... $ 5 .... $ 5 ... footlong `` ... ummmm ... nothing $ 5 footlong ! ! The thing freakin cost $ 8 , sandwich alone ! ! I n't think cold cut sandwich food tax $ 3 dude ! What rip .. pssshh !"
10|2|This place suck .. Its clean food isnt subway . The steak & cheese terrible ! Never go back place .
"11|1|I stop today lunch I happen see place shoppng center I . I know deal day , amount special promotion particula sub base upon partucular day . Today turkey breast dandwich $ 3.99 . That sound like healthy option , I figure ! There snall line practicalky nobody eat inside restaurant . I ask provalone cheese , lettuce , tomatirs , pickle , black olive , awesome red pepper . I skip chios drink , 6 `` sub sufficient quick lunch . The sub taste good ni issue report . The people work behind counter nice also !"
"12|2|I decide eat Subway first time many year , I remember I never go anymore . Wheat bread taste like cardboard n't fresh . Had tuna lettuce , tomato , onion , vinegar . I manage finish sandwich , 's best thing I could say right . When I young , I would come Subway quite often since footlong quite bit food cheap price . The sandwich n't make cut anymore . It 's garbage . Their slogan `` eat fresh `` . What joke . I never return unless outside force posse ."
13|2|I order meatball sandwich give I like meatball sandwich 's sandwich day . When I ask mozzarella cheese meatball say choice I provolone . I 've never subway I n't get choose topping I want meat . I would understand n't mozzarella ! They n't want let way
"14|2|Hey Supervisor Manager , I n't know two uneducated broad work 4/23/18 9:30pm sharp , I hope know training communication evidentially shit . I come 9:25 two wrap up/closing ( I understand dining service associate ) come burden interrupt process rub wrong way . In short , customer service skill need lot work . I n't care whatever personal issue might 've go mind time want shop empty expedite process , I hope 're smart enough figure perception customer key . Business come first . Does n't take much common sense figure . Or case , may special needs requirement two comprehend appropriately . Do n't like 're read ? FIX IT . Nimrods ."
"15|1|This favorite Subway location . I always receive great service , go beyond customer . Delicious food nice people work !"
"16|2|Everytime I come , seem exactly meat I want , without fail . The first time I chalk honest mistake due imperfect foresight . I get , 's finite amount food restaurant , 's natural every often inventory n't meet demand . These thing happen , I move past . I go , week half , two week later . Again , meatball . Since I intend use Subway coupon , would make sense I would move next location , especially 's directly route anyway . Upon mention employee , tell `` hang `` disappear back , return without much explanation , exactly number meatball need 12 `` . I n't think much time , I saw miracle convenience . A third time , nearly month later , I return , place order , give familiar `` meatball . `` I insist , explain happen last time . They kind sat silence . I n't time play detective , I eat somewhere else . Attempt # 4 , 2 week later . Same outcome . I figure , 's way 4 time row 'll `` meatball , `` I actually put real energy thought , I cast serious doubt odds thing I 've ever order subway , since I old enough eat subway , never run , likelihood happen would infinitesimal . Today , I order another meatball sub , time , I add tuna sandwich order . Not meatball , seem , chance would , thing I order would also happen go . I speechless ; possible reactively hostile emotion belligerent response completely overwhelm stunned bewilderment . I almost never write negative review , matter fact , hardly write review . I simply n't go bad place , continue return good place . My experience , outlandish bizarre I felt must share ."
17|2|Not friendly staff dude behind cash register n't know ! Wo n't back ...
"18|2|Stoic unpleasant service location . A fairly tasteless , sparse portion meat way much bread . After number year eat Subway recent news hearing certain toxic ingredient food , I 'll take business Fire House Subs.If n't hear , 're great . Lots local athletic booster fundraiser Firefighting association . The sandwich AMAZING . They 're also less minute Subway , across shopping center . Support local area business stop line pocket greedy franchisees could careless customer . Sorry guy , Subway remind DMV English n't requirement staff I 'm left walk away bad taste mouth ...."
"19|2|Not I overchared , quality sandwich sub par . Upon act upon `` If right , I 'll make right guarantee , I treat litany excuse owner . The establishment also extremely dirty , fruit fly circle produce . The owner Abera complete jerk ! Please frequent Subway location , employee understand process simple directive english ."
"20|2|While food fantastic , service slow.Our server seem like rush make order , meanwhile line get long , long ... longer.The Subway Hayfield Shopping Center friendly , fast ."
"21|1|I 've come year , thought warrant update . Good news I find 're one good Subway shop I 've ( I 've heap ! ) . Bad news last month , like many franchisees , seem decide use old bread , shame really one good one around anywhere . I come almost every week , stale bread become noticeable , start spoil whole sandwich . It feel horribly hard crumbly , smell awful , taste even bad . It 's become usual able eat whole bread , instead year chunk end eat meat veggie . If anyone shops read , I really hope care enough stop use old bread , stop use packaging say `` eat fresh , `` 's impossible . Apart serve stale bread , shop great job maintain overall cleanliness abuse ingredient . Staff generally friendly efficient , I 'd like able keep come 'd stop use old bread ."
"22|2|Had odd experience . I ask substitute steak Steak , Egg , Cheese flatbread Turkey , sandwich maker refuse , I ask , say could n't , I know case since I typically purchase breakfast Columbia Pike location mile road Pentagon city location . I decide go Pentagon City location I little time stop . I regret decision I ask sandwich maker could n't substitute meat , say cost , I would expect , I assume different store operate differently . I say okay , sandwich maker look puzzle I stand . He ask I still want . I say yes . He shake head begrudgingly head Turkey compartment , begin prepare sandwhich , never ask type bread , six inch foot long . Good thing choose bread I want . I would hate make another change inconvenience complicate man 's day.I pay item stand register second , puzzled look come sandwich maker 's face . He ask , anything else ? I ask receipt . He print , I take , leave.Now sit office enjoy good sandwich , I notice receipt . I attach photo show I make : He change tuna sandwich extra tuna ! ? ! LoL ! What ! ? ! Certainly people make substitution subway often . Isnt byproduct eat fresh ? ‍I feel I charge underserved . The moral story . Stay menu , improvised sandwich cost ."
"23|2|Eat fresh like Eat hairThe worker hospitality . They assume I want sandwich , n't get right I ask change cheese American cheddar ignore keep make . They assume I want toast sandwich toast , I want . And use glove make sandwich . Then top I bite long greasy hair find I open sandwich find another hair . Overall disgusting I go"
"24|2|It seem subway absent yelp also lack review . So , I guess I must tend duty yelp reviewer . First , let say place madhouse due annoy out-of-towners ! The sandwich maker greet far well expect , endure customer front . I ca n't believe level disrespect rudeness receive ? ! ? ! My foot long chicken breast make order look presentable . Unfortunately , I bite I notice n't fresh ( bread ) I come expect subway . The chicken assortment vegetable I choose . The cup water I receive meal yellow , I assume fountain share another soft drink .... I hope ! ! !"
25|1|Blown away ! This place go beyond . Best sandwich place.You step counter . You tell person type sandwich want . Then come bread . They four five different type . And bottomless topping ( olive include )
26|2|They suck . I n't even get right sandwich hand rude
"27|2|This subway bad . When line busy , food get rush . The service rude I n't like . But , I give another star least food good . But service bad ."
"28|3|Lines long 's good rest food court slop . Wait line least know wo n't get dysentery food , unlike rest food court ."
"29|3|Based map , I 'm pretty sure one I visit . It 10:30pm I need something eat , everything either closed n't look appeal time . I 'll first admit I n't like Subway . Bread taste fake , chicken taste like crap , anything $ 5 footlongs overpriced.But late , I stop Black Forest Ham $ 5 footlong . Service great friendly , I get sandwich toast topping I want , taste fresher Subways I 've to.Their credit card machine , cash . And another customer line say Diet Coke stock day . But , best Subway I 've , n't say much ."
"30|1|Of many Subway 's I , one good . The service fast , n't let long line fool . Unlike less Subway 's , one always fresh vegetable fresh bread . Of place Pentagon City food court , Subway one consistent , give good food fast service ."
"31|3|It 's Subway . There many , 's hard keep track , intended pun . Just like dull penny find without look , location fairly busy shop center . Thankfully 's insane , seem steady business , I appreciate relative tranquility store . It 's get nice decor item wood panel , include bread , onion , tomato , green pepper . The seating area fairly comfortable , high table us taller guy prefer.Ultimately 's clean restaurant . A friendly staff pleasant helpful . My best guess franchise owner n't like run , special see one . This good one though , potato chip rack keeps thing organize . If area 's worth . It 's convenient Columbia Pike , close Baileys Crossroads Lincolnia ."
"32|2|I know might think Subways , one average . First , location accessible consider high traffic area two-lane highway.Second , meat least , day old . It visible color change air long . Third , I greet I enter location . Actually , I treat I bother since guy count money.Considering Subways dime dozen , I would continue drive reach next location ."
"33|2|The sign menu board offer $ 5.00 foot long meatball sub , $ 5.00 special sub October . To chagrin , I charge $ 5.50 plus tax.I wo n't sing `` $ 5.50 foot long `` Subway jingle anytime soon ."
34|2|Agree review ! If I could give 0 star I would ! Worse customer service ever ! ! ! I think Subways clearly ! I ask lady discount one Linconia give ! She look like `` talk `` ! Then I explain say `` never heard `` I ask one Linconia say Subways give military/officers discount ! You know policy work ! ! ! Never go Subway !
35|2|I give single chicken serve fact I ask double chicken chop salad . This happen two occasion . Skip next subway really want eat sandwich salad .
"36|2|If u could give star I would ! Very rude Asian lady ! Told I would charge xtra mayo ! Lol ! Really ? Since ? Then I go pay I hand $ 20 total 8.09 , I try hand .09 change say I ca n't take I already enter 20 even ! Lmao never"
"37|2|Not good . Was weekend afternoon , place empty . There old small lady behind counter young guy/kid . They guy somewhat helpful proficient , old lady stingy pain . Everything I ask felt like inconvenience I ask extra everything 'd put tiny bit everything sandwich . Neither one could seem understand communicate well English . By end , I pissy . I return ."
"38|1|Solid , one least disastrous Subway shop I 've , I find many sandwich `` artist `` abuse misuse ingredient often give whole franchise bad name , take someone work multiple location number years.Service quick , although never lunch rush , shop always clean bright . One thing irk whole `` Cold Cut Combo `` thing , say menu come `` ham , salami , bologna , `` I order first time , ham salami . The worker 's explanation : `` 's ham salami , ham AND salami . `` Well somebody please tell world `` ham salami `` ... ! All , I feel like I come trust produce something decent , time . I 'd come back ."
"39|1|This reliable take-out shop Crystal City underground . The shop always clean staff friendly . I wish vegetable ingredient look little fresher . See ( example ) picture spinach ( wilt bit ) onion ( spoil brown bit ) . That condition veggie pretty typical shop , Subway shop area ."
40|1|I always go Subway grandpa I visit DC - go average twice week ! The owner staff always friendly ; facility well maintain quality fresh . The mall area always group folk hang ambience lively .
"41|2|I n't issue customer service , food small portion compare subway . When I get steak egg cheese give thimble amount steak"
"42|2|My co-worker find grasshopper sandwich today . There multiple witness . While I realize grasshopper delicacy part world Subway ton top option , I n't think either scenario applies . So 2 star ? A . I 've never find one MY sandwich here.B . Service super fast ( perhaps fast notice grasshopper go sandwich ? ? ) C . The manager quick respond . He refund colleague 's money , plus give new sandwich cooky . Perhaps would argue n't enough give happen , least get ta give guy credit act fast ."
43|2|Ate couple oatmeal rasin cooky . Got Sick dog ! Do NOT eat may leave long near weekend .
"44|3|As I wait line , I think long hard really take sandwich artist.Long hard.For 2 minutes.While I credit ability make sandwich bit finesse young lady help , I think : `` Not everyone talented . `` But , bread fricky , fricky fresh soder poppin . '"
"45|3|It 's Subway know kind food 're get either like n't . Personally , I like veggie roast beef ( $ 5 value menu ) I ca n't `` mystery meat `` . Anyway , Subway clean staff fast , friendly give lot food sandwich ."
"46|3|So want quick cheap sandwich ? This place . There three people help guide creation perfect sub . I create variation Subway Melt . heat include toasted bun ! I saw red pepper salsa end serve line . This right kick creation . The price right clean , large , comfortable setting ... Why ? Now one area improve , iced tea . It fresh brewed , weak watery . There one dispenser , obviously need . I would give try Crystal City Underground . Eat fresh !"
"47|3|I beat lunch time rush subway day Redskins dominate New Orleans Saints . Okay , I reference football game Subway ? Because result Redskins score 20 point , Subway / Redskins Fans obtain FREE 6inch subway purchase large drink chip . After tax whooping $ 3 change . So love Redskins & Subway , definitely take advantage promotion : redskins.com/fan-zone/su…It take minute redeem coupon Subway employee aware promotion . The manager swiftly train employee I eat sub like RG3 end zone . HTTR & Subway !"
"48|1|This best Subway . The staff stable nice thorough . This guy know menu , stock product detail . He always ask want sandwich cut today wrap half foil say n't sure could finish . We stop every time 're area ."
"49|1|I love little glass go cover food . I know impossible keep fly restaurant , glass I know fly go clever touch anything . This subway clean , small sit area TV enjoy lunch . The parking n't great , still one best subway I go long time ."
"50|3|Clean , new , fast , friendly staff . Parking easy , neither get sub look like picture advertise . Free lettuce !"
"51|1|I love place , especially I need something fast eat lunch break work ! The Subway Melt Honey Oat Bread delicious . Parking sometime hassle ."
"52|3|A little crowd lunch hour , go avoid long line . These location ( two permanent cart ) pioneer Subway breakfast sandwich , great actually healthy option fast food place building ."
"53|1|I usually visit JBAB Bolling Exchange Food Court , I 'm base . If I 'm hurry , I pay visit Subway . It 's distract confuse customer order line close proximity Charley 's ."
"54|1|Great , great , great ! I love Subway kiosk Apex corridor 5 6 . The lady reason always enough bread , enough meat , cheese , veggie sandwich regardless time work day.The bad thing toaster machine I eat sandwich cold . Nothing hit spot like toasted BMT provolone .... mmm ....."
55|3|The steak sandwich favorite lunch week . The staff nice work location Crystal city . Subway Tuesdays delicious .
"56|2|I go buy three sandwich subway order two 6-inch tuna one 12-inch meatball . The tuna one prepare well , meatball give 5 meatloaf enough sauce others without sauce , disgust . However , I let pass ask cheddar cheese I saw add little sandwich , I think oor favir would add little cheese Silvia reply could , give exact measurement , As far I know legally , measurement hand meter . In view , I decide take sandwich stay desire eat . It sacred hour , lunch time , client go fast conidas time cook , someone like Mrs. Silvia come embitter client ' lunch time . It first time I visit subway I assure last time change Mrs. Silvia I want bad experience place due ineptitude staff , case lady . Silvia , cause severe headache high blood pressure . I recommend one go subI go buy three sandwich subway order two 6-inch tuna one 12-inch meatball . The tuna one prepare well , meatball give 5 meatloaf enough sauce others without sauce , disgust . However , I let pass ask cheddar cheese I saw add little sandwich , I think oor favir would add little cheese Silvia reply could , give exact measurement , As far I know legally , measurement hand meter . In view , I decide take sandwich stay desire eat . It sacred hour , lunch time , client go fast conidas time cook , someone like Mrs. Silvia come embitter client ' lunch time . It first time I visit subway I assure last time change Mrs. Silvia I want bad experience place due ineptitude staff , case lady . Silvia , cause severe headache high blood pressure . I recommend one go subway.Also I send email owner Subway restaurant I speak phone tell go decide go restaurant get sandwich 's almost 6:00 pm I still n't lunch . Now I understand employee , Mrs. Silvia , act way , real shame . I never go restaurant I admit anyone ."
"57|1|This one good Subway shop I , I fair share . I n't yet din store look invite outside , ingredient abuse like Subway restaurant , I appreciate park right front store time . Their sandwich ? Unlike many shop , I n't yet displeasure return sub stale bread , recent tuna sub point , recommended honey mustard I find perfect tuna . I 've ever try sweet chilli sauce tuna since customer recommend I work Subway shop Australia , since n't seem sweet chilli , I 'm glad I 've find decent alternative . I 've lady -Orfilia ? - service , 's always reasonably friendly quick , issue . They close 10pm week except Sunday night -9pm- , I sometimes miss I get right around 9pm . I 'd recommend shop , definitely go back ."
"58|2|Got sign 's 9 , guess decide close ! Best service especially n't even get experience !"
59|2|Wow come line long ONE person . This poor woman keep call back help woman keep ignore keep open box instead help register .
"60|3|I go tonight around 8:30-8:45ish I stand store atleast 10 min anyone know I . While I wait line look unkempt . The cutting board lettuce everywhere look like clean , stop midway . I also notice steam table meatball n't steam , actually barely water . Finally one boy notice tell another guy grab deal trash end mop floor . Which another concern come mop never put wet floor sign whomever come could slip . The gentleman help seem nice , I could n't word say despite person store . I think maybe 's sick something , seem like could talk come coworker . I still get food delicious , I n't think I come back location customer service way slow . While I eat sandwich I felt little hurried guy mop floor wait mop I . Three people enter store I every time wait boy mop floor keep go back get man every time . Despite derive I give three star sandwich still good ."
61|2|This review service food . Walked last evening . I customer time . One person register another back turn . No one acknowledge I even . Finally person register call back say customer . It take several minute say something customer one else .
"62|2|Pretty dissapointing location . I decide ruben , sandwich bread toast , meat cold bite cheese partially melt . If want real sandwich go end corner diner serve proper sandwich . For 7 buck much good disappoint . I kind person take sandwich back ask redue , one occasion I ."
"63|2|It 's Subway , food standard . But I 've never restaurant decline offer something simple extra disposable salad bowl `` count everything `` . You 'd think franchisee would recognize long term repeat business important 5 cent product ! Since Ballston Mall Subway good service friendly employee , I 'd encourage take business !"
"64|2|Rude service- give dirty look I ask utensil napkin . `` Fresh `` , yeah right . My lettuce practically yellow . Do n't want waste time even write review ."
"65|2|This place bad I come back 2 year hiatus post review try warn people come here.I never experience general apathy food prep staff I Subway . The employee , scowl throughout manufacture sandwich , literally throw food onto sandwich back bin , stray vegetable fly everywhere . And n't one person , whole assembly line disgruntled employee . I amaze rude , never go back . At least one around corner , tolerable ."
66|1|Nice location never get crowd I ( also count lunch time ) . The sandwich artist really nice efficient get order . The thing I fan location lack guacamole : ( . Other favorite location slide I want fast veggie sub !
"67|3|I usually n't get office day I crave Subway I ! I love place I get thing every single time . The reason I give full 5 star actual location small compact make hard move around actual facility . Also , wide variety drink coworker want regular tea . As Subway know advertise eat healthy I say need healthy actual place ! Healthy drink include . Also , soup machine never seem work ."
"68|2|If I could rate zero , I would . Young girl , Clarysa , serious attitude I generally check kind behavior u husband n't want upset . Her demeanor appear racist . She nose turn make sandwich . She throw cheese back container . Threw topping sandwich . I ask riper tomato challenge . Two black lady come counter buy cooky , I look Clarysa nose turn star interaction them.Young white guy get sandwich make I n't see expression face . May n't want work ... sure retired military officer doctorate level professional vacation area , I husband , I would tolerate behavior certainly would give business . So others visit , n't patronize tolerate behavior . Nasty , rude ignorant girl !"
69|2|I generally like subway ignore favor customer behind line treat poorly call attention issue unacceptable .
"70|2|I go location around 9:15 I want grab familiar bite eat head home . There 3 lady clean stand time . I appreciate I like nice clean store . The first girl greet nice politely smile I tell I need take look menu . Then girl proceed make food grumpy way . She ask I ready order I tell First Lady I rude attitude . Normally I would leave store rude worker I hungry find something else price range . We decide eat store since nothing else open tablespoon whole time eat get rude stare hear talk different language snicker look us . I proceed ignore end finish 15 minute closing . As clean , group young people come place order get treatment well . I see place terrible rating case national harbor . They class polite customer nothing seem change location ."
"71|2|This bad subway I 've ever , 8:40 pm I walk buy sub worker say 're close . Do n't ever go store Maryland , lazy worker country . Wo n't return subway EVER AGAIN !"
72|2|I call 311 ask health inspection . I go detail bad enough . If I list may fix inspector . The need close get new management .
"73|2|The manager exchange email say two lady formally counsel put 90 day probation . I hope improve performance job , one else go I . And many lesson draw , I hope one take away positive one ."
"74|1|Great service smile & new wrap delicious ! My favorite rotisserie chicken & Caesar salad . I add bit chipotle sauce & least 3 time week ! Highly recommend location , selection & staff !"
"75|2|This place bad subway location VA . This place FILTHY ! ! ! You would assume wear glove prepare sandwich would clean ... Well , . I come home open tuna foot long sandwich .... inch curly black hair first half sandwich ! ! ! How possible ? ? ? Exactly , place dirty- hair ; must olive vegetable curly hair find top sandwich . It n't end . I decide toss first half , I 'm reach half I assume NOT infected , BEHOLD : ANOTHER CURLY HAIR ! ! ! This time , outside sandwich wrapper ! THIS IS BEYOND DISGUSTING . I CA N'T BELIEVE I WAS ABOUT TO EAT THE 2ND HALF THAT I ASSUME WAS CLEAN . I assume employee help long arm hair shed onto sandwich ? THIS IS BEYOND DISGUSTING . I WOULD NEVER RETURN TO THIS DIRTY LOCATION , AND I WOULD SUGGEST YOU GUYS GOING ANOTHER SUB PLACE THAT HOLDS CLEANLINESS AS A PRIORITY ."
"76|2|How I hear place : Wow . If anyone remember first heard Subway , post comment . I sure loss I first walk Subway franchise.Type cuisine : Fast , healthy food way easy-to-prepare sandwich , make order - right front customer - use freshly bake bread , select sauce variety fresh , delicious toppings.Ambiance : This Subway location , similar Subway 's , find Ballston Common mall food court , kiosk set-up yellow tone , plastic laminate , food court seating order counter topping sandwich plain view behind plexi-glass window panel.What I order : My husband order foot-long Oven Crisp Chicken sandwich ( $ 5.50 ) whole wheat bread . He add lettuce , tomato , onion , green bell pepper , chipotle-ranch sauce . In mood salad , I turn Turkey Avocado sandwich ( $ 5.50 ) salad ( additional $ 0.75 one scoop avocado ) : shredded lettuce , tomato , green bell pepper , red onion , olive , slice pepperoncinis , two strip bacon , small ice cream scoop squished avocado chicken instead turkey , top honey-mustard dressing.What I love : Easily accessible , convenient location quick , relatively inexpensive take-out dinner.Why I love : I love share first meal , together , husband wife new apartment ! Cost : Low average ( $ 5- $ 8 per sandwich/salad )"
77|2|I 've eaten one time I get food poisoning . I 'm sure n't happen every time buyer beware .
"78|1|Ordered Italian herb n cheese , tuna . Bread soo soft . Double toasted . Very tasty . Environment clean . Restrooms close ."
"79|2|Some lettuce brown , amount topping give small , staff apathetic/just"
"80|1|So , 's Subway . Nothing new , service AWESOME compare Subways I 've . Sweet sandwich maker lady , thank start day right foot : )"
"81|2|I complaint location far cleanliness service best . I present coupon I receive mail give harest time . The man look , read finally issue discount make rude comment . It 's close I live I 'd rather walk block one closer Ballston Metro ."
"82|1|I frequent location ( get us sandwich last night ) mainly 's conveniently close I reside ... I say food never terrible , always pretty fresh , inside always clean & service usually pretty decent ! TRUST lack ANY aforementioned characteristic I 'd definitely stop eat , I 'm know go distance quality service food/items.Just opinion ... Though surround area locate need lot clean up/work & probably deter want try ... I see lot thing change around soon due upcoming growth happen block away ( National Harbor ) , maybe help business area get support deserve ."
83|2|Terrible hair find sister food . Called speak manager unprofessional . I recommend stay away
"84|3|This typical Subway location . The visit normal , nothing stand beyond clear attitude display employee . I probably would visit ."
85|2|If could give place star would . I legit hate come here- 's close parent house . I come tuna sub . They limit portion allllllll mean . I watch man ( hate make sandwich ) take four tiny scoop equal one scoop spread across sandwich . I could still see bottom bread . I say put little ? He say .75 . I tell def NOT pay .75 Bc 's appropriate amount . He argue . I turn around leave ! Then try say OKAY OKAY- I 'll . By time door . These ppl cheat portion . This one occasion I 've come . I NEVER return .
86|1|This best subway I honestly ever . The employee management extremely personable friendly . They remember girlfriend I every time come always exceptional prepare food service . Well earn 5 star !
87|2|Food good customer service . To continue talk another language serve someone make difficult hear . Talking coworker fine customer order 's good respect listen person .
"88|1|This subway n't bad . It 's hood people service nice engage . They listen I want n't rush . The reason I give Subway 4 star 5 I felt guilty uncomfortable I approach guy buy sandwich . I n't extra money buy lunch.I want mind business , grab bite go back work . I know everyone need little help every sometimes I get irritated I want leave alone ."
"89|1|Great food reasonable price ! Folks , tuna REAL tuna . Do hesitate order tuna sub disappoint ! Subway never , ever use fake tuna . My tastebud know difference I eat vegan tuna . Subway 's tuna sub wonderful . They add lot great veggie sub additional cost ! A healthy lunch choice keep full workday . : )"
"90|2|My coworker I receive Subway gift card principal want use get pedicure nearby shop . We enter shop 7:55 wait store associate finish help people . Before take order , say close complain us come store . She continue attitude entire time . She respectful teenager order front us take extra time provide great customer service . She ask friend order start put food sandwich oven . My friend ask several time could place order ignore . I finally tell associate friend want order . My friend n't even want sandwich cooky . The store associate continue ignore completely . My order total 8.86 gift card 5.00 . She want us use gift card try scan several time . I indicate could type code refuse . Instead ask I want use another payment method , place food behind glass hand guard start ramble store close . I three card I could use leave food attitude . Another woman come store leave . She tell woman close offer help anyway start make small talk . From time enter store time leave , experience one bad I 've subway similar restaurant . We gift card principal urge us use soon store close . I n't even want use gift card anymore visit another subway . Before teach , I work various customer service job . Nasrin 's service attitude completely unacceptable ."
91|1|This great subway employee nice food fresh come fast . This great place eat .
"92|1|Some day I need quick meal time travel far home . The bread , meat topping always fresh ; employee always friendly even store busy ."
"93|2|I Subway fan 's unfortunate location closest house bad Subway establishment Continental United States . The place overly messy anything like , everyone already say , customer service TERRIBLE . The woman work barely talk scowl make sandwich . The man/owner HUGE jerk . 80 % time eye red firetruck sit back text . IF decide get help customer let know inconvenience . I 've personally see get verbal altercation 2 different patron . It 's really really terrible location . Clarendon deserve well ."
"94|2|0 STARS If 're look subway trash floor , unclean table , rude customer service , hair food place ! ! !"
95|2|I bind something quick easy . The guy work super unfriendly totally skimps meat topping sub . This probably bad location subway I 've ever visit .
96|2|The absolute bad . All review true . The customer service absolutely terrible . I ask woman literally groan would n't speak . No eye contact . No smile . Everything look dirty entire experience overall unpleasant say least.And good one walk distance away . It n't like choice guy let stop go .
97|2|* * WORST Customer Service Worker / Franchise location EVER * * # 1 - RUDEST worker ( guy picture previous review ) - never say hello # 2 - UNPROFESSIONAL worker ( guy ) - never smile # 3 - UNFRIENDLIEST worker ( guy ) - never speak - look mean ALL time # 4 - Ahhh get point.Possible reason place and/or worker still : # 1 - The worker relative friend owner # 2 - Its ONLY Subway area # 3 - See # 1 # 4 - See # 2
98|2|Worst subway ever ! The guy unpleasant talk act like I owe favor get attention look credit card realize charge ! Never go back location contact corporate let know really leave bad impact brand .
99|2|Meh . Subway subway worker make good bad . I go get lunch 're generally quick . Sandwich make process fine I get counter I encounter someone 's talk phone . She continue talk I n't stand . After minute listen conversation I interrupt ask I could pay . She proceed walk back make want take food leave . She come back say big shipment bos phone . I 'm sure would 've understand put hold customer . But I guess I 'm important halt phone call 3o second take money . Most likely never return spot .
"100|2|The people neither speak understand English . All know say , Would like drink ? When problem arise register , 're clueless . And ask napkin ; n't provide . No wonder owner recently indict tax fraud ."
"101|2|I wo n't comment food Subway generally taste same.However , morning staff consistently surly- barely word . I know everyone morning person , remember reasonably nice customer ."
"102|2|The employee mop floor ; come take care customer without wash hand . Putting plastic glove help , I suppose ; Va Food Handler 's rule wash hand anytime cleaning prepare food ."
"103|1|Jared would proud . Clean , fast service , ample seating . Pretty standard Subway otherwise ."
"104|1|Clean , good portion , fresh ingredient , polite staff . The store look like subway location I think make location exceptional quality food get friendly staff . Made start go Subway often ."
"105|3|Of subway I , disorganized facility ever . I order salad online half veggie salad miss well sauce . They n't bother give fork say n't carry crouton usually give subway salad ."
"106|1|Outside need work , lot room inside . No fountain machine , sell soda water bottle . Inside little dirty , food appear fresh . Ate three day row lunch since close Hilton hotel . Got three different sandwich time good ."
"107|2|Rolled quick subway `` sub `` , key word `` SUB `` , annnnnnd seriously NO sub bread leave , flatbread . That 's like goin movie theatre like , `` oh sorry n't play movie . `` So yea , much else say . However , earn 1 extra star give us free cooky ."
108|1|reviewer mind . come location regularly couple year service amazing . staff VERY friendly point know bit many worker make effort remember order . I unique sense see warmly greet number people well . many worker company year highly skilled sandwich artist . I also learn quincy street location management one one worker bounce two place . use frequent quincy street location well similar experience . quincy street worker start fairfax one see old friend . give place 5 star food amazing subway probably best ever .
"109|1|This place great . The manager lovely lady name Angie - since location open . They best tuna - yes I aware everything prepackaged reason tuna distinctive taste texture . Bread topping always fresh delicious.During lunch place work like assembly line , I 'm talk real assembly line circa early 1900 's . I like location well one Sacramento one near Huntington Metro Station . A 6 inch sub always fill I keep 6 inch following day next meal . I appreciate friendly employee - guest n't well verse English language way communicate without embarrass . In book 's awesome customer service !"
110|2|Zero star ! ! ! They put ingredient sandwich I purposely remove online order I 'm allergic . Now I 've eat sick ! ! Do come order !
"111|2|Great food , clean place , shit service . First , three people ... One behind register , one meat , one add ons . Sounds good , right ? Well , dude meat decides time play around bread dough ( even put oven , literally take raw dough tray , stretch , spray something , put back cart ) . I look time ... This genius SEVEN MINUTES . Oh , I think manager . The add lady disappear , guy front toasted sandwich get cold sit seven minute . By way , whole time , least 50 loaf finish bread warmer ... It n't emergency . So , finally make sandwich , everything fine , I get register , rude woman begin nonsense . I coupon say buy one sub drink , get one free . I family friend 's little kid home , I decide Honest Kids juice box drink . You would think I try circumnavigate Geneva Convention . `` UMM , THIS COUPON OF YOURS SAYS YOU HAVE TO GET A LARGE FOUNTAIN DRINK , MA'AM . `` I calmly say , `` actually , say drink. `` . She roll eye go , `` ! A fountain drink ! You ca n't get . You get one . `` We go back forth , I n't raise voice I know I go call corporate anyway ... I want sandwich ... Well start talk Bread Dough interrupt busy play raw dough time , say , `` woman want cheap juice coupon . She need get fountain drink . `` Dough Warrior go , `` um , give . The coupon say drink ... `` She shoot nasty look say , `` fine ! I 'll give `` . # 1 ) n't clutter mailbox coupon employee hard time reading attitude problem . I pay $ 5 extra sandwich . Calm . # 2 ) n't take 7 minute God know three customer wait . You sandwich 2 minute since slice meat send ... Come . # 3 ) It 's hour I 'm sick , food fine ... And veggie look freshly cut place clean , unlike certain subway road ... But heaven sake , get together ."
"112|1|Subway Subway - I enjoy sandwich , I order . The problem order cooky , pay , arrive destination eat sandwich - discover leave without cooky . Now n't cashier get attention leave establishment ?"
"113|2|This Subway go way downhill lately . They skimp SO much veggie put sub , 's almost comical . I literally 4 spinach leaf 3 slice tomato footlong . It 's fight get server add , even specifically ask `` could please put ? `` , 'll hesitantly add ONE leaf . It 's way last several time . The sandwich skinny lack produce , wait time unreasonably long morning , lot customer line breakfast one person make sandwich . We 'll go Subway street . No sad , dry sandwich ."
"114|1|Standard subway move fast , nice employee , food fresh . Parking bit rough , easy go parking lot adjacent . They always good job mark sub difference several . They fill sub solid amount topping , even foot longs I feel like n't . Solid location chain ."
"115|1|Very good Subway , food good ! ! People nice . Service fast . Never problem ! ! ! I like location ! ! !"
116|2|I hate ... I frequent subway many year . I love tuna . When I take first bite .... I think piece onion .... long piece hair . I totally sick whole day . Although I speak manager ... Angie ... kind nice ..... offer another sub ... I ca n't think eat anymore b/c piece long hair . Please ... love much wear hair net . Sorry ... love people food long . Good luck : )
"117|1|'s standard subway restaurant food . 5 minute , even though line ."
"118|1|Nate , amazing , come regular pizza , go way , cut tomato , My jalapeño right , supper friendly , polite , definitely recommend location .. great Job Nate"
119|2|I order two wrap online pay I could grab go covid public distance pick ! ! I give time pickup show minute give lil extra time . When I go pick order `` express lane establish rona `` I tell would minute make wrap ? Not sure online grab n go ordering even thing wait anyway ? ! So I receive order I get home receipt bag online survey ? ! The wrap ok except fact steak one half half wasJust wrap ! ! This reason I Subway every year ! ! See 2022 ? Maybe ! !
120|1|This Subway Restaurant always consistent friendly . I order online sandwich ready appropriate time . And delicious .
121|2|Went later evening . Ran wheat bread . By wheat . I mean dark bread taste like air . I come force daughter always regret .
"122|3|The restaurant fast service . The portion give nicely size . For reason seem like taste n't subway I 've I always order thing . I spinach sub even though I n't ask ? Thankfully n't something I could n't eat . Also , I ask extra toasted receive half sub burnt . Normally extra toast I ask toast mean sub still soft crisp ask make right side black . Overall bad , hop good ."
"123|2|All subway ! ! ! First , understand word speak . An interpreter would helpful . Second , personality involve fill order whatsoever . The people work interaction . In fact , successfully order sub , attendant stand front vegetable condiment add onto sandwich say one word ... `` `` . It hard enough understand say , know ordering process . I try go . I would rather buy business appreciate customer ."
"124|1|Not bad , run mill subway , seem bit small inside . Sometimes wait long busy time two people work really 3 ( least time I ) . Generally clean clean bathroom . I number time 's fantastic , typically small subway . I would recommend put third person staff busy time ."
125|2|Slowest subwayin town . Pick another location . 30min line still havent order . 3 people werein front .
"126|2|The restaurant clean . However , whole reason go live close get coupon mail . We tell location accept coupon decision owner . I n't think Subways get choose , especially send coupon neighborhood . Disappointed , sure . We leave go one Shiplett accept coupon ."
"127|1|I come restaurant right time , I die hunger , three customer walk time . There two people sit eating , take time place sandwich order . Surprisingly , restaurant chain keep price pretty reasonable , compare sandwich shop town . I go foot long meatball marinara provolone cheese . I ask Italian bread , already bake right . Fresh ! My topping include lettuce , tomato , black olive ( love em ) , red bell pepper . The sub toast , rite delicious ! The foot long sub , along fountain drink come less $ 10.00 ! I love !"
128|2|I order 6 sub co worker woman I believe owner tell I interrupt normal business . Excuse dare ? Am I normal customer . I come time never . I know subway hurt afford rude . On top I call day ask I need order ahead time many tell necessary . Terrible- good review fake leave
"129|1|Great job young lady behind counter ! Greets smile , pleasant great customer service ! Even busy take time ask say thank business ! ! Will definitely back ! !"
"130|2|Please store mayonnaise well . I think I crack basin toilet bowl five hour extreme pain . Ate foot long , lose five pound ...... I guess subway sandwich diet food"
"131|3|Foods normal subway . But , like unsweetened ice tea , avoid 6pm close . They usually wo n't make `` close closing ... `` .They 've even run lunch . I mention , nod , half hour later , 's still none . Do n't usually go anymore seem systemic problem !"
132|1|Easily pleasant fast food experience I 've last year . It 's standard Subway standard choice difference staff . They work quickly extremely pleasant deal . You 'd surprised big difference make everyone place smile face . I 've time location time 's experience .
133|1|Awesome place ! The service really good ! This Subway Annandale . Always clean well keep ! ! Recommended ! !
134|1|I go train new staff member . They professional patient . I love see people treat way . Everything orderly neat . My order come perfect . Fantastic experience .
"135|1|Great service , I go time I ca n't stress well everything ! They job job right . The concern I often toast sub 's nothing far important . I recommend go breakfast time 4 , thing get far crowd ."
"136|3|Generally OK location I call b avocado charge . Not charge extra couple time , I 've order six inch , one small scoop avocado 75¢ . Then another time I order footlong ... One small scoop avocado $ 1.50 . So I charge double amount avocado spend big piece bread ? Not cool subway ."
"137|1|Super nice manager store . Of course , 's usual subway food , apparently store 's pretty popular . There long line order breakfast sandwich , come time pay , manager give free cookie . Also great location : I get breakfast later advertised time 11 AM ( 's standard Crystal City location , ) . Last least , bathroom squeaky clean , always good sign ."
138|1|Did catering event company . Placed order online talk manager person . Patrick awesome provide great customer service . They deliver right time even bring extra veggie sub case vegetarian . Will definitely use location . Catering price ca n't beat .
"139|2|Subway pretty crappy , I n't expect anything amaze first place . The food pretty horrible I could n't even finish half sandwich ( 'm like queen pig ) . I pretty upset stomach later well . Did ask want sandwich toast & seem struggle keep thing I want sandwich . Go earls instead pack lunch !"
"140|3|The counter man , work alone noon Saturday , struggle bit keep nonetheless efficient polite . The foot-long meatball marinara sub fresh , toast roll lot food six buck , meatball n't tasty . I think bit much filler . Next time I think I 'll go chicken breast ."
141|1|It 's Subway ! It 's little hard park 's pretty good . I always good service good place get quick bite . I see police frequently visit obviously n't run drug sale put gun sub know 's safe ! This short review 's Subway deserve something . Side comment : table n't always clean expect
142|2|The subway DMV area chop salad option . Food n't seem fresh either . Rude staff .
"143|2|GOOD : Fresh vegetable , good service clean place . BAD : Like Subways , put little cold cut sandwich ."
"144|2|I huge fan subway particular one , gross , disgust one subway franchise . I order thru Door Dash , receive sandwich I smell something strong like bad BO , emanate order . I first I think know add extra red onion onion smell like I open sandwich contain onion edible smell disgusting . I ca n't believe subway sandwich smell order Door dash delivery employee , funny thing actually think really bad BO . Anyway warn , eat risk ."
145|1|Parking tricky subway great service . There 8 people line I arrive lunch around 12:45 weekday . I order food ready 5 minute !
"146|3|If Subway . I actually frequent particular location job convience . They get really busy lunch rush , get real quick . The service really nice become real familiar regular real quick ."
"147|2|When I go staff incredibly rude get upset I make order like menu item , tell would extra item ."
"148|2|Once get later , good ask thing . First I order turkey , bacon , avacado , find make sandwich avacado . Then I order chicken , ranch , bacon melt find 're ranch , make sandwich ."
"149|2|This husband 's review.Very bad customer service , rude cashier ( staff ) .March 6,2020 @ 10:20pmCloses 11:00pm look like 're close already keep half stuff.I nicely ask foot long wheat bread , ask meat I politely answer plain chicken , ask like piss I answer politely . He ask `` one , teriyaki chicken ? one one ? `` I politely answer `` plain chicken , regular one `` , rudely ask show piss `` MAN one ? `` 's I lose appetite.Btw , I love 're sandwich 's I surprised I treat experience like . Smh.I also watch guy badly treat customer ."
"150|2|Last even staff inform fountain soda flat , employee take 45 minute figure . Then , today , different employee would n't make something n't kid menu . Every subway I ever would allow . I n't argue could charge satisfy customer , choose otherwise . I imagine reason people still employ lack competition hospital . If I manage I would consider new staff ."
"151|1|Normally I n't write fast food review . However , Subway really turn around last month . The staff phenomenal food improve . They also online ordering , save time I visit dinner rush . Last I check , also occasionally deliver , although I n't use service.So , kudos Subway . It really seem like 're try make location nice place I appreciate ."
152|2|Rahman bad sandwich maker ever . Plus half ingredient look really old 's 1030 . Will come back location ! ! !
"153|1|I 've come subway year 's one best around Springfield . Quick prompt service 's decently quiet make great place also sit . They take coupon without much fuss bread taste fresh like . Compared Subways Springfield , one really good . This Subway need work cleanliness professionalism , wo n't get five star . If 're around area , give try . There 's abundance parking , 's issue . Also 's locate right across Springfield Town Center convenient.If show Michael 's receipt , get FREE cookie ! No location ."
"154|1|Finally subway place . This go spot mall . Avoid food court come . There Subs healthy Quiznos They seafood . They wheat also . All subway exception I 'm sure review would subway . Also , I want first review"
155|1|Healthy good price . The worker always nice . I usually eat I finish workout cause I feel I eat healthy food least . And favorite soup chicken noodle
156|2|Supervisor black shirt bad attitude roll eye . Do n't eat . There many subway around .
157|1|This subway definitely one good one . We go way come ask 3 piece spinach 2 tiny cucumber .
"158|2|Not good ... whatever reason seem like miss charge everytime I go get thing ring little bit different . The complaint , I 'm try politically correct possible , least half worker seem understand English . I say mustard please put large handful olive ... guy front say everything except pickle pepper first thing grab pickle . If ca n't clearly understand something ask act think ."
"159|2|Not take ten minute make simple chicken bacon ranch salad , I find multiple hair salad . I would highly caution eat . If possible I would give negative star 's , yelp n't advance far ."
"160|2|Management seem good , staff seem rude usually loudly gossip behind counter look disturb costumer walk . My simple ( one topping ) sandwich usually make incorrectly ."
"161|3|I felt rush today especially since I go noon pastrami ( run pastrami lunch rush ? ) I stick try decide something else would tickle fancy . I end order steak sriracha w/ pepper jack cheese , mayo , spinach , onion , olive , salt , pepper & oregano flat bread .... miss oil & vinegar I guess make combo I able get salt & vinegar chip satisfy taste . I surprise feel rush I make good choice ; I would order need arises ."
"162|2|I choose particular location due proximity hotel Rosslyn Metro stop . That 's convenience place end . I walk try get quick meal head city , store empty except one patron , take several minute order . The manager ( ? ) cashier take personal phone call headset . Apparently whatever go personal life important make money assist customer . She lean back cabinet continue talk even see approach order . The worker stand wait sort instruction . I extremely confused . After moment , take slight pause I conversation ( never hang ) order ask I 'd like . I repeat order couple time since I 'm sure whoever ear speak animatedly . Once take care , young lady quick put meal together . I go sit realize table I head toward wipe . I choose different spot , get fountain drink open food . I 'm thankful I woman 's personal phone call keep company . I finish foot long sub , I leave still talk . I tempt ask kind lay-on-neck headphone use , must amazing battery life ."
"163|2|The whole Subway franchise inconsistent compare fast food chain , sub service vary dramatically depend shop , serve even within shop ! My second time could well , basically , use old stale honey oat bread overbaked blacken rock hard burnt taste . I two three bite footlong ham sub , could n't eat anymore go checkout tell . Good thing apologise make another one , bad thing even though wheat bread serve -said run honey oat- clearly old , slightly underdone , end hard bit -in photo- sticking , probably handle , serve . Places like confuse . Would like sandwich old bread ? Then even bother serve first place ?"
"164|1|Clean , pleasant experience TiaQuanna take great care make sandwich . I know subway hit miss one definitely HIT TiaQuanna ."
"165|2|Im daily customer come . Services good time It bad customer service I receive . I go order sandwich gon na go detail . The guy make food good job , time pay cashier n't change $ 100 bill also n't pay attention time charge talk someone else phone , plus forget give change right . I hope guy better customer service . ( I 'm look type refund )"
166|2|Being diabetic tea 's mark UNSWEETENED 's clearly SWEET HUGE NO NO ! Not impressed happy ....
"167|2|Went subway 8:43 tonight employee already lock door , even though 's post open 9 . Called spoke Tineka ( sp ? ) could n't give reason close , would give contact info general manager . Very unfortunate employee take store operate hour hand ."
"168|1|Clean lunch time , 2pm weekday . 4 group table seat 4 , 3 small table seat 2 . Not stingy topping , look fresh , well stock chip . Good service . That 's really need know subway . It 's healthy option area full greasy fast food . No outdoor seating ."
"169|2|Came around 9:40pmI say Hi look like n't exist , ignore move away . ( customer ) What ? ! After minute Wanted salad eat , lady n't exactly know 's ! They keep say 'll close 10pm . I say okay I get . I eat leave.They lock door . Around 9:50 ! Damn hurry leave.Service crap really ."
170|2|Went Subway Turkey Reuben n't even carry rye bread Swiss cheese . So I charge Reuben without half stuff make Reuben .
171|3|I n't understand place ok. Its upscale area everyone work inside seem like last place want . I 'm fan good need quick fix .
"172|2|This location rudest staff ever . I frequent location due proximity house regret time I go . I routinely ask additional vegetable standard literally one thread onion one small piece pepper per sandwich . Although always give extra , either reluctance usually one pepper time . Today tuna seafood I leave without sandwich . I return ."
"173|1|I know regular subway , people work nice I give good review . They patient hard working . It clean restaurant outdoor seat nice , park around back . My elementary age son love come friend employee always talk help ."
"174|2|If n't mind worker attitude wo n't mind come . This place define rude . Also one worker n't even know make flatbread steak bacon ! ! The service stink food good , 's get two star . I return place life depend I die food ."
"175|2|Call glutton punishment . I come Subway SW across Safeway last week . I charge $ 9.99 seafood foot long . The sandwich great . I go back today coupon . I look menu notice sandwich I buy last week $ 7.99 ? Well I happy today I coupon $ 7.99 foot-long chip drink . Yippie ! Right ? While I 'm stand line confusion start register ! A lady 's credit card work young person appear medical issue start cry hysterically . Apparently card belong know work properly . I offer pay order . She sandwich soda mind meal $ 8 . He ring $ 20 change . I kid , lady 6 foot sandwich soda . He tell rib ( steak ) , soda chip . You 've hear old saying screw shame , screw twice shame . The motto story pay attention menu money place . Oh ! The tuna terrible . Subway usually wonderful tuna salad . Boo ! ! !"
176|2|This use go place quick sub sandwich . The covid hit safe way order pay via app . However corporate control app pick location franchisee . The app often contain discontinue menu item - allow order - transaction go charge - store call say longer offer . No big deal get money back impossible . Store level franchisee say corporate must take care . Corporate customer service fill form never respond . Tweeting get response sorry problem either . There lot restaurant hurt covid I try support close rip way keep good customer .
"177|1|As far Subways go , perfectly adequate . They make order way I ask , polite , table clean . No issue !"
"178|2|I order sub use bathroom . I work cruise ship dock DC n't get much time boat . I choose spend little terrible decision . I try bathroom door , one employee walk front unlock key right I try find lock . I think nice since 'd see try open . Instead walk bathroom close face . I go room open minute later , two minute staff begin bang door . When I tell I bang couple time leave . They come back 3 minute later pound door full minute two , I 'm yell I 'm use . Horrible way treat pay customer ."
"179|1|I eat practically every day , order ahead Subway app order make correctly every time wait . Every employee handle job well , option like Subway . I wish sugar-feee drink option ( plain unsweetened tea would nice ) , 's disappointment . Oh , I mention 's bit cheap variety food truck serve burrito $ 12 ?"
"180|2|Yikes ! ! Came quick lunch meeting client cashier , Kalman ( name SCRIBBLED name tag I could make KAL MAN ) yell ask spinach wrap veggie delight cost $ 8 ? Honestly I pretty shock aggressive was- I step back cause pretty awful , even people store look like little rocker . To owner location , please hire right people , train staff get rid one know politely speak customers- customer service super important ! Also I ask manager name say 'ma'am n't ask manager ! ' '' Honestly- I realize pretty quickly fit speak work type environment ... matter fact sure work horrible attitude . Just suggestion future customer Subway 3 block away across Navy Yard metro wayyy well ! I 'm sure corporate office well handle unfortunate situation ."
"181|3|This Subway pretty good . The sandwich pretty much taste like everywhere else . The one thing I say particular Subway always clean . I see Subways pretty messy therefore make scar eat . I also say I probably little biased Subway literally right around corner , anything close apartment always plus eye : ) It 's also great 's right across street Safeway , go get bag chip 35 cent instead $ 1-something ( I know , I 'm cheap ) . haha"
"182|3|The food taste like Subway always good sign . The restaurant area clean . However , walk look like close , six o'clock . The two men work nice although wear glove make sandwich , mom saw one scratch leg glove gross . The bathroom clean could use good wipe trash need take . $ 5 footlongs way go ."
"183|2|Really ? Are n't lot unemployed people DC actually WANT job ? I wait one guy ( n't know name , around 6 pm Tuesday night ) literally sit stool talk cell phone . The employee , Stephen , AWESOME . He literally run around refill bin veggie cheese . He take 2 order , FINALLY , guy get stool , stroll , start help . Stephen extremely courteous really hard working . The guy fire Stephen promote . It 's fascinate Subway allow employee act way ."
"184|1|Great service . Wonderful , accommodate staff . Clean restaurant bathroom . Their tuna best Subway- enough mayo hold together . I 've enjoy meal every time I go ."
"185|2|A message manager location . The image provide review simply unacceptable . All customer require wear mask pandemic . My wife go pick dinner afternoon send photo . Not cool ... safe either . Please place sign door asking/requiring customer wear mask time ... c'mon , common sense ."
"186|2|This subway location overall okay one particular day I really bad experience . I come subway June 8th , 2020 I hear buy one get one free offer app . I already subway location I order phone rather wait car I decide wait store . When I arrive I see one employee help customer time , I tell already start order . I n't plan order in-store I decide stand side ready . The man ask need anything I reply `` I 'm wait online order `` stand side . Between I walk order finish , 2 customer . So tell I give order , I lecture rush order I `` stress `` try finish order.1 . I never ask rush finish order I willing wait know I order 2 . He already start order I walk store , already process issue ? 3 . You 2 customer 're stress rush take care 2 customer food business n't Will never come back thank experience I n't lecture 're able handle ."
"187|2|This review plaza location Subway restaurant chain Springfield , VA write September 2019 upon re-visit . Have location several time pass course 4-years weekday weekends.GOOD NEWS ! The management overcome vagrant problem ( ) individual sit dining room , pass , lock bathroom prolonged session deny pay customer use . Yay ! That take 2-years ... MEH , NEWS ! The food quality lower-side Subway chain . Items show special banner ad , usually available , staff `` forget `` take . The chip often understocked small selection , drink station run low item 'tanks ' get napkin , seem hard achieve.The staff : Meh . Appear teenager mostly , slow meet/greet , even slow make food . Oblivious long line , speed production , get correct price ring-up checkout . While location high visibility steady stream walk-in business , n't appear able reach next level quality service ."
"188|1|I come dinner tonight hope get daily deal promotion . Today offer tuna sandwich meal include chip drink $ 6.49 . I really crave tuna today reason , last minute I change mind opt pizza . The pizza offer quite small , would consider personal size sell $ 4.00 . I decide go fact 730 calorie n't bad pizza . They really cool vegetarian option well . The pizza cook ready 2 minute hot . They two worker friendly informative . This restaurant clean conveniently locate , I like ."
"189|2|One person work , line 6 long , daily sub meatball , yet meatball 4:45 pm . Unacceptable"
190|1|Love place . Excellent smell always good service . If little line always move good pace . They send coupon sometimes . Fresh cooky tasty too- favorite double chocolate chip . The meatball sub always good .
"191|3|I n't frequent location much I , service sandwich always okay , nothing special . It 's close congested parking small store size turnoff . The staff usually friendly make quick sub . There 's also subway street Springfield ( next Michaels ) 's much nicer dine less crowd ."
"192|1|Clean , friendly , fresh , tasty fast ! You wo n't catch review sub place often , consider six Subways Springfield area , I vote one best ! The title review begin express one stand , add convenience parking make good . The guy run place , staff always pleasant helpful . This Subway visit within five mile radius !"
"193|2|The staff run register particular Subway tell chip drink extra , even sign advertise $ 6 meal specifically state include chip drink . She ignore sign even I point . After speak eachother another language state $ 6 plus tax $ 6.36 . hop make additional profit . I sure scam work n't even turn look sign I correct . Warn kid neighbor ."
